abordagem,mean das means,mean do minimo,std das means,std do min
de,494.2868756445134,242.5389867868527,3.508278107895216,7.191819990378796
ga,470.59535818099187,192.9957953613917,4.717906885334724,3.507583013635636
ra,383.4473250385387,218.28348137980248,2.4588274200249067,3.6925064142542414
cmaes,468.73890732688324,213.24323252462153,4.482237115124005,5.5317205470888835
