abordagem,mean das means,mean do minimo,std das means,std do min
de,323.3835321117843,236.26625081967913,6.740530039749718,6.491408855888236
ga,269.3382175729285,184.81183843061598,4.1732164384444905,2.2867223794172014
ra,393.19910634891784,240.65339478738824,1.9093011275452765,3.6023041536267635
cmaes,319.765427620174,231.0493144040287,6.0219440917719735,7.3050317936759805
